{"cameraMode":{"drawMode":0,"name":"Shaded","section":"Shading Mode"},"sceneLighting":true,"audioPlay":false,"sceneViewState":{"m_AlwaysRefresh":false,"showFog":true,"showSkybox":true,"showFlares":true,"showImageEffects":true,"showParticleSystems":true,"showVisualEffectGraphs":true,"m_FxEnabled":true},"in2DMode":false,"pivot":{"x":5.243503570556641,"y":-0.8642759323120117,"z":2.1980669498443605},"rotation":{"x":-0.017274394631385804,"y":0.9712716341018677,"z":-0.07444753497838974,"w":-0.22536852955818177},"size":7.17214298248291,"orthographic":true}